animal,Slice,MeanGCaMP,MeanBackground,Fluor,Fnaut,signal,time
20210812_AWC_Is_odr1p_HEPT_10K__2_reg.tif,1,568.938,205.188,363.75,368.947,-0.014086034037409174,0.25
20210812_AWC_Is_odr1p_HEPT_10K__2_reg.tif,2,569.795,204.766,365.029,368.947,-0.010619411460182644,0.5
20210812_AWC_Is_odr1p_HEPT_10K__2_reg.tif,3,569.464,205.016,364.4480000000001,368.947,-0.012194163389321257,0.75
20210812_AWC_Is_odr1p_HEPT_10K__2_reg.tif,4,571.089,205.734,365.355,368.947,-0.009735815713368002,1
20210812_AWC_Is_odr1p_HEPT_10K__2_reg.tif,5,571.853,205.5,366.35299999999995,368.947,-0.007030820144898999,1.25
20210812_AWC_Is_odr1p_HEPT_10K__2_reg.tif,6,572.299,205.156,367.143,368.947,-0.004889591187894279,1.5
20210812_AWC_Is_odr1p_HEPT_10K__2_reg.tif,7,571.723,204.797,366.92599999999993,368.947,-0.005477751546970356,1.75
20210812_AWC_Is_odr1p_HEPT_10K__2_reg.tif,8,573.536,204.828,368.70799999999997,368.947,-6.477895199040316e-4,2
20210812_AWC_Is_odr1p_HEPT_10K__2_reg.tif,9,574.246,205.672,368.57399999999996,368.947,-0.0010109853176744825,2.25
20210812_AWC_Is_odr1p_HEPT_10K__2_reg.tif,10,572.79,204.703,368.087,368.947,-0.0023309581050937225,2.5
20210812_AWC_Is_odr1p_HEPT_10K__2_reg.tif,11,573.665,205.062,368.60299999999995,368.947,-9.323832420376122e-4,2.75
20210812_AWC_Is_odr1p_HEPT_10K__2_reg.tif,12,576.049,205.453,370.596,368.947,0.004469476645697081,3
20210812_AWC_Is_odr1p_HEPT_10K__2_reg.tif,13,577.147,205.531,371.61600000000004,368.947,0.007234101374994348,3.25
20210812_AWC_Is_odr1p_HEPT_10K__2_reg.tif,14,577.446,205.312,372.134,368.947,0.008638097070853027,3.5
20210812_AWC_Is_odr1p_HEPT_10K__2_reg.tif,15,577.75,204.906,372.844,368.947,0.010562492715755899,3.75
20210812_AWC_Is_odr1p_HEPT_10K__2_reg.tif,16,575.728,204.609,371.1189999999999,368.947,0.005887024423561953,4
20210812_AWC_Is_odr1p_HEPT_10K__2_reg.tif,17,578.04,205.375,372.66499999999996,368.947,0.010077328179928177,4.25
20210812_AWC_Is_odr1p_HEPT_10K__2_reg.tif,18,576.384,205.266,371.11800000000005,368.947,0.005884314007161053,4.5
20210812_AWC_Is_odr1p_HEPT_10K__2_reg.tif,19,577.022,205.516,371.5060000000001,368.947,0.006935955570854574,4.75
20210812_AWC_Is_odr1p_HEPT_10K__2_reg.tif,20,577.647,205.281,372.36600000000004,368.947,0.009266913675948143,5
20210812_AWC_Is_odr1p_HEPT_10K__2_reg.tif,21,579.027,205.062,373.96500000000003,368.947,0.013600869501581606,5.25
20210812_AWC_Is_odr1p_HEPT_10K__2_reg.tif,22,575.808,205.594,370.214,368.947,0.0034340975804112673,5.5
20210812_AWC_Is_odr1p_HEPT_10K__2_reg.tif,23,576.67,204.906,371.76399999999995,368.947,0.007635243002382322,5.75
20210812_AWC_Is_odr1p_HEPT_10K__2_reg.tif,24,577.612,205.531,372.08099999999996,368.947,0.008494445001585478,6
20210812_AWC_Is_odr1p_HEPT_10K__2_reg.tif,25,578.857,205.438,373.419,368.947,0.012120982146487111,6.25
20210812_AWC_Is_odr1p_HEPT_10K__2_reg.tif,26,579.576,205.734,373.842,368.947,0.013267488284225056,6.5
20210812_AWC_Is_odr1p_HEPT_10K__2_reg.tif,27,578.567,205.609,372.95799999999997,368.947,0.01087148018550081,6.75
20210812_AWC_Is_odr1p_HEPT_10K__2_reg.tif,28,578.5,204.797,373.703,368.947,0.012890740404448259,7
20210812_AWC_Is_odr1p_HEPT_10K__2_reg.tif,29,578.973,205.484,373.4889999999999,368.947,0.01231071129457596,7.25
20210812_AWC_Is_odr1p_HEPT_10K__2_reg.tif,30,580.094,205.734,374.36,368.947,0.01467148398008389,7.5
20210812_AWC_Is_odr1p_HEPT_10K__2_reg.tif,31,579.643,205.422,374.221,368.947,0.014294736100307093,7.75
20210812_AWC_Is_odr1p_HEPT_10K__2_reg.tif,32,579.665,205.219,374.44599999999997,368.947,0.014904579790593139,8
20210812_AWC_Is_odr1p_HEPT_10K__2_reg.tif,33,581.554,204.938,376.616,368.947,0.02078618338135283,8.25
20210812_AWC_Is_odr1p_HEPT_10K__2_reg.tif,34,580.366,205.844,374.522,368.947,0.015110571437089848,8.5
20210812_AWC_Is_odr1p_HEPT_10K__2_reg.tif,35,580.031,205.391,374.64,368.947,0.0154304005724399,8.75
20210812_AWC_Is_odr1p_HEPT_10K__2_reg.tif,36,579.79,205.703,374.087,368.947,0.01393154030253664,9
20210812_AWC_Is_odr1p_HEPT_10K__2_reg.tif,37,579.656,205.281,374.37499999999994,368.947,0.014712140226102774,9.25
20210812_AWC_Is_odr1p_HEPT_10K__2_reg.tif,38,581.688,205.062,376.626,368.947,0.020813287545365523,9.5
20210812_AWC_Is_odr1p_HEPT_10K__2_reg.tif,39,580.871,205.188,375.683,368.947,0.01825736487896633,9.75
20210812_AWC_Is_odr1p_HEPT_10K__2_reg.tif,40,582.625,205.141,377.48400000000004,368.947,0.02313882481765683,10
20210812_AWC_Is_odr1p_HEPT_10K__2_reg.tif,41,584.129,205.953,378.17600000000004,368.947,0.025014432967336884,10.25
20210812_AWC_Is_odr1p_HEPT_10K__2_reg.tif,42,583.259,205.203,378.05600000000004,368.947,0.024689182999184267,10.5
20210812_AWC_Is_odr1p_HEPT_10K__2_reg.tif,43,582.388,205.469,376.91900000000004,368.947,0.02160743955093831,10.75
20210812_AWC_Is_odr1p_HEPT_10K__2_reg.tif,44,580.933,205.438,375.495,368.947,0.017747806595527275,11
20210812_AWC_Is_odr1p_HEPT_10K__2_reg.tif,45,580.433,205.5,374.933,368.947,0.016224552578012533,11.25
20210812_AWC_Is_odr1p_HEPT_10K__2_reg.tif,46,579.884,204.641,375.24300000000005,368.947,0.01706478166240693,11.5
20210812_AWC_Is_odr1p_HEPT_10K__2_reg.tif,47,578.821,205.219,373.60200000000003,368.947,0.012616988347919971,11.75
20210812_AWC_Is_odr1p_HEPT_10K__2_reg.tif,48,578.866,205.125,373.741,368.947,0.012993736227696614,12
20210812_AWC_Is_odr1p_HEPT_10K__2_reg.tif,49,577.228,205.969,371.25899999999996,368.947,0.0062664827197401116,12.25
20210812_AWC_Is_odr1p_HEPT_10K__2_reg.tif,50,577.406,205.141,372.265,368.947,0.008993161619419546,12.5
20210812_AWC_Is_odr1p_HEPT_10K__2_reg.tif,51,576.933,205.656,371.277,368.947,0.006315270214963082,12.75
20210812_AWC_Is_odr1p_HEPT_10K__2_reg.tif,52,576.871,205.219,371.652,368.947,0.007331676365439979,13
20210812_AWC_Is_odr1p_HEPT_10K__2_reg.tif,53,577.098,205.25,371.84799999999996,368.947,0.007862917980089156,13.25
20210812_AWC_Is_odr1p_HEPT_10K__2_reg.tif,54,575.799,205.156,370.643,368.947,0.004596866216556767,13.5
20210812_AWC_Is_odr1p_HEPT_10K__2_reg.tif,55,576.179,205.297,370.88199999999995,368.947,0.005244655736460644,13.75
20210812_AWC_Is_odr1p_HEPT_10K__2_reg.tif,56,576.661,205.109,371.5519999999999,368.947,0.007060634725312591,14
20210812_AWC_Is_odr1p_HEPT_10K__2_reg.tif,57,575.451,205.141,370.31000000000006,368.947,0.003694297554933517,14.25
20210812_AWC_Is_odr1p_HEPT_10K__2_reg.tif,58,574.737,205.484,369.25299999999993,368.947,8.29387418788949e-4,14.5
20210812_AWC_Is_odr1p_HEPT_10K__2_reg.tif,59,574.719,205.266,369.4530000000001,368.947,0.0013714706990437258,14.75
20210812_AWC_Is_odr1p_HEPT_10K__2_reg.tif,60,572.799,205.047,367.75199999999995,368.947,-0.00323894759951985,15
20210812_AWC_Is_odr1p_HEPT_10K__2_reg.tif,61,573.156,205.219,367.93699999999995,368.947,-0.002737520565284574,15.25
20210812_AWC_Is_odr1p_HEPT_10K__2_reg.tif,62,571.777,205.516,366.2610000000001,368.947,-0.007280178453815647,15.5
20210812_AWC_Is_odr1p_HEPT_10K__2_reg.tif,63,574.982,205.125,369.85699999999997,368.947,0.0024664789251571855,15.75
20210812_AWC_Is_odr1p_HEPT_10K__2_reg.tif,64,574.857,205.094,369.763,368.947,0.002211699783437659,16
20210812_AWC_Is_odr1p_HEPT_10K__2_reg.tif,65,574.281,205.766,368.515,368.947,-0.0011708998853494307,16.25
20210812_AWC_Is_odr1p_HEPT_10K__2_reg.tif,66,574.031,205.734,368.2969999999999,368.947,-0.0017617706608268693,16.5
20210812_AWC_Is_odr1p_HEPT_10K__2_reg.tif,67,572.942,205.594,367.348,368.947,-0.004333955825633464,16.75
20210812_AWC_Is_odr1p_HEPT_10K__2_reg.tif,68,571.004,205.422,365.582,368.947,-0.009120551190279387,17
20210812_AWC_Is_odr1p_HEPT_10K__2_reg.tif,69,570.491,205.188,365.303,368.947,-0.009876757366234189,17.25
20210812_AWC_Is_odr1p_HEPT_10K__2_reg.tif,70,569.888,205.516,364.37200000000007,368.947,-0.012400155035817968,17.5
20210812_AWC_Is_odr1p_HEPT_10K__2_reg.tif,71,568.763,205.188,363.57500000000005,368.947,-0.014560356907631604,17.75
20210812_AWC_Is_odr1p_HEPT_10K__2_reg.tif,72,567.237,205.641,361.596,368.947,-0.019924270965748465,18
20210812_AWC_Is_odr1p_HEPT_10K__2_reg.tif,73,566.844,205.281,361.56300000000005,368.947,-0.02001371470699032,18.25
20210812_AWC_Is_odr1p_HEPT_10K__2_reg.tif,74,567.036,205.297,361.7389999999999,368.947,-0.01953668142036684,18.5
20210812_AWC_Is_odr1p_HEPT_10K__2_reg.tif,75,568.862,205.688,363.174,368.947,-0.01564723388454175,18.75
20210812_AWC_Is_odr1p_HEPT_10K__2_reg.tif,76,568.933,205.219,363.714,368.947,-0.014183609027854961,19
20210812_AWC_Is_odr1p_HEPT_10K__2_reg.tif,77,570.558,205.422,365.13599999999997,368.947,-0.01032939690524665,19.25
20210812_AWC_Is_odr1p_HEPT_10K__2_reg.tif,78,572.978,205.109,367.8689999999999,368.947,-0.002921828880571161,19.5
20210812_AWC_Is_odr1p_HEPT_10K__2_reg.tif,79,575.143,205.281,369.862,368.947,0.002480031007163686,19.75
20210812_AWC_Is_odr1p_HEPT_10K__2_reg.tif,80,576.835,205.641,371.1940000000001,368.947,0.006090305653657764,20
20210812_AWC_Is_odr1p_HEPT_10K__2_reg.tif,81,574.451,205.125,369.326,368.947,0.0010272478160820364,20.25
20210812_AWC_Is_odr1p_HEPT_10K__2_reg.tif,82,573.299,205.891,367.408,368.947,-0.004171330841557154,20.5
20210812_AWC_Is_odr1p_HEPT_10K__2_reg.tif,83,571.33,205.297,366.033,368.947,-0.007898153393305778,20.75
20210812_AWC_Is_odr1p_HEPT_10K__2_reg.tif,84,572.906,205.375,367.53099999999995,368.947,-0.0038379496242009112,21
20210812_AWC_Is_odr1p_HEPT_10K__2_reg.tif,85,572.513,204.766,367.74700000000007,368.947,-0.003252499681525888,21.25
20210812_AWC_Is_odr1p_HEPT_10K__2_reg.tif,86,572.554,205.25,367.304,368.947,-0.0044532141472895265,21.5
20210812_AWC_Is_odr1p_HEPT_10K__2_reg.tif,87,574.237,205.703,368.534,368.947,-0.001119401973725253,21.75
20210812_AWC_Is_odr1p_HEPT_10K__2_reg.tif,88,575.603,205.453,370.15,368.947,0.0032606309307298188,22
20210812_AWC_Is_odr1p_HEPT_10K__2_reg.tif,89,574.777,205.281,369.49600000000004,368.947,0.0014880186042982731,22.25
20210812_AWC_Is_odr1p_HEPT_10K__2_reg.tif,90,578.808,205.594,373.214,368.947,0.01156534678422645,22.5
20210812_AWC_Is_odr1p_HEPT_10K__2_reg.tif,91,576.42,205.078,371.342,368.947,0.006491447281045738,22.75
20210812_AWC_Is_odr1p_HEPT_10K__2_reg.tif,92,576.598,205.375,371.22299999999996,368.947,0.006168907729294326,23
20210812_AWC_Is_odr1p_HEPT_10K__2_reg.tif,93,576.688,205.359,371.32899999999995,368.947,0.006456211867829114,23.25
20210812_AWC_Is_odr1p_HEPT_10K__2_reg.tif,94,575.353,205.469,369.88399999999996,368.947,0.0025396601679914866,23.5
20210812_AWC_Is_odr1p_HEPT_10K__2_reg.tif,95,575.987,205.625,370.36199999999997,368.947,0.0038352392077993956,23.75
20210812_AWC_Is_odr1p_HEPT_10K__2_reg.tif,96,574.335,205.344,368.99100000000004,368.947,1.1925832165606324e-4,24
20210812_AWC_Is_odr1p_HEPT_10K__2_reg.tif,97,575.138,205.484,369.654,368.947,0.001916264395699094,24.25
20210812_AWC_Is_odr1p_HEPT_10K__2_reg.tif,98,574.897,205.156,369.74100000000004,368.947,0.002152070622609859,24.5
20210812_AWC_Is_odr1p_HEPT_10K__2_reg.tif,99,574.812,205.484,369.328,368.947,0.0010326686488844516,24.75
20210812_AWC_Is_odr1p_HEPT_10K__2_reg.tif,100,575.371,205.641,369.73,368.947,0.0021222560421958045,25
20210812_AWC_Is_odr1p_HEPT_10K__2_reg.tif,101,575.955,205.562,370.39300000000003,368.947,0.0039192621162389895,25.25
20210812_AWC_Is_odr1p_HEPT_10K__2_reg.tif,102,575.585,205.422,370.163,368.947,0.0032958663439464427,25.5
20210812_AWC_Is_odr1p_HEPT_10K__2_reg.tif,103,574.714,205.156,369.55800000000005,368.947,0.0016560644211771525,25.75
20210812_AWC_Is_odr1p_HEPT_10K__2_reg.tif,104,576.362,205.156,371.20599999999996,368.947,0.0061228306504727175,26
20210812_AWC_Is_odr1p_HEPT_10K__2_reg.tif,105,575.719,205.219,370.50000000000006,368.947,0.004209276671175139,26.25
20210812_AWC_Is_odr1p_HEPT_10K__2_reg.tif,106,575.821,206.219,369.60200000000003,368.947,0.0017753227428330615,26.5
20210812_AWC_Is_odr1p_HEPT_10K__2_reg.tif,107,574.732,205.219,369.513,368.947,0.0015340956831197275,26.75
20210812_AWC_Is_odr1p_HEPT_10K__2_reg.tif,108,577.031,205.297,371.7339999999999,368.947,0.007553930510344089,27
20210812_AWC_Is_odr1p_HEPT_10K__2_reg.tif,109,575.58,205.359,370.221,368.947,0.003453070495220183,27.25
20210812_AWC_Is_odr1p_HEPT_10K__2_reg.tif,110,575.746,205.234,370.51199999999994,368.947,0.004241801667990093,27.5
20210812_AWC_Is_odr1p_HEPT_10K__2_reg.tif,111,576.964,205.297,371.66700000000003,368.947,0.007372332611459172,27.75
20210812_AWC_Is_odr1p_HEPT_10K__2_reg.tif,112,576.821,205.766,371.05500000000006,368.947,0.0057135577738809664,28
20210812_AWC_Is_odr1p_HEPT_10K__2_reg.tif,113,577.629,205.734,371.895,368.947,0.007990307550948995,28.25
20210812_AWC_Is_odr1p_HEPT_10K__2_reg.tif,114,576.946,205.125,371.821,368.947,0.007789736737255008,28.5
20210812_AWC_Is_odr1p_HEPT_10K__2_reg.tif,115,579.049,205,374.049,368.947,0.013828544479288286,28.75
20210812_AWC_Is_odr1p_HEPT_10K__2_reg.tif,116,582.018,205.703,376.31500000000005,368.947,0.01997034804457023,29
20210812_AWC_Is_odr1p_HEPT_10K__2_reg.tif,117,582.946,204.797,378.149,368.947,0.02494125172450243,29.25
20210812_AWC_Is_odr1p_HEPT_10K__2_reg.tif,118,582.902,205.094,377.80800000000005,368.947,0.024016999731668903,29.5
20210812_AWC_Is_odr1p_HEPT_10K__2_reg.tif,119,579.259,205.312,373.947,368.947,0.013552082006358638,29.75
20210812_AWC_Is_odr1p_HEPT_10K__2_reg.tif,120,569.384,205.469,363.915,368.947,-0.013638815331199284,30
20210812_AWC_Is_odr1p_HEPT_10K__2_reg.tif,121,556.179,205.234,350.94499999999994,368.947,-0.048792916055693816,30.25
20210812_AWC_Is_odr1p_HEPT_10K__2_reg.tif,122,540.991,205.375,335.616,368.947,-0.090340889070788,30.5
20210812_AWC_Is_odr1p_HEPT_10K__2_reg.tif,123,526.594,205.109,321.485,368.947,-0.1286417832371587,30.75
20210812_AWC_Is_odr1p_HEPT_10K__2_reg.tif,124,511.522,204.375,307.147,368.947,-0.16750373359859277,31
20210812_AWC_Is_odr1p_HEPT_10K__2_reg.tif,125,499.643,205.016,294.62699999999995,368.947,-0.2014381469425149,31.25
20210812_AWC_Is_odr1p_HEPT_10K__2_reg.tif,126,490.259,205.359,284.9,368.947,-0.22780236727768494,31.5
20210812_AWC_Is_odr1p_HEPT_10K__2_reg.tif,127,477.696,205.531,272.165,368.947,-0.2623195201478803,31.75
20210812_AWC_Is_odr1p_HEPT_10K__2_reg.tif,128,465.482,205.5,259.982,368.947,-0.2953405231645737,32
20210812_AWC_Is_odr1p_HEPT_10K__2_reg.tif,129,455.442,205.672,249.77,368.947,-0.32301929545436064,32.25
20210812_AWC_Is_odr1p_HEPT_10K__2_reg.tif,130,444.473,205.641,238.83200000000002,368.947,-0.35266583005147073,32.5
20210812_AWC_Is_odr1p_HEPT_10K__2_reg.tif,131,434.232,205.141,229.09100000000004,368.947,-0.3790679962162586,32.75
20210812_AWC_Is_odr1p_HEPT_10K__2_reg.tif,132,425.143,205.344,219.79899999999998,368.947,-0.40425318541687566,33
20210812_AWC_Is_odr1p_HEPT_10K__2_reg.tif,133,416.384,205.484,210.9,368.947,-0.42837318097179267,33.25
20210812_AWC_Is_odr1p_HEPT_10K__2_reg.tif,134,408.946,205.312,203.63400000000001,368.947,-0.44806706654343303,33.5
20210812_AWC_Is_odr1p_HEPT_10K__2_reg.tif,135,401.116,205.688,195.428,368.947,-0.47030874353226887,33.75
20210812_AWC_Is_odr1p_HEPT_10K__2_reg.tif,136,394.473,205.25,189.223,368.947,-0.4871268773021599,34
20210812_AWC_Is_odr1p_HEPT_10K__2_reg.tif,137,387.268,205.203,182.06499999999997,368.947,-0.506528037902463,34.25
20210812_AWC_Is_odr1p_HEPT_10K__2_reg.tif,138,380.955,204.859,176.09599999999998,368.947,-0.522706513401654,34.5
20210812_AWC_Is_odr1p_HEPT_10K__2_reg.tif,139,375.513,205.359,170.15399999999997,368.947,-0.5388118076580106,34.75
20210812_AWC_Is_odr1p_HEPT_10K__2_reg.tif,140,370.058,205.922,164.136,368.947,-0.5551230935608638,35
20210812_AWC_Is_odr1p_HEPT_10K__2_reg.tif,141,364.607,205.469,159.13800000000003,368.947,-0.5686697547344197,35.25
20210812_AWC_Is_odr1p_HEPT_10K__2_reg.tif,142,359.402,205.156,154.24599999999998,368.947,-0.5819291117694412,35.5
20210812_AWC_Is_odr1p_HEPT_10K__2_reg.tif,143,355.009,204.938,150.07100000000003,368.947,-0.5932451002447505,35.75
20210812_AWC_Is_odr1p_HEPT_10K__2_reg.tif,144,350.897,204.859,146.03799999999998,368.947,-0.6041762095910795,36
20210812_AWC_Is_odr1p_HEPT_10K__2_reg.tif,145,347.598,204.938,142.66000000000003,368.947,-0.6133319961945753,36.25
20210812_AWC_Is_odr1p_HEPT_10K__2_reg.tif,146,343.844,205.344,138.5,368.947,-0.6246073284238658,36.5
20210812_AWC_Is_odr1p_HEPT_10K__2_reg.tif,147,342.04,205.266,136.77400000000003,368.947,-0.6292855071324607,36.75
20210812_AWC_Is_odr1p_HEPT_10K__2_reg.tif,148,338.585,205.5,133.08499999999998,368.947,-0.6392842332367522,37
20210812_AWC_Is_odr1p_HEPT_10K__2_reg.tif,149,335.451,205.031,130.42000000000002,368.947,-0.6465074929461413,37.25
20210812_AWC_Is_odr1p_HEPT_10K__2_reg.tif,150,335.795,205.516,130.27900000000002,368.947,-0.6468896616587205,37.5
20210812_AWC_Is_odr1p_HEPT_10K__2_reg.tif,151,330.946,205.281,125.66500000000002,368.947,-0.6593955229341883,37.75
20210812_AWC_Is_odr1p_HEPT_10K__2_reg.tif,152,328.348,204.859,123.489,368.947,-0.6652933890233557,38
20210812_AWC_Is_odr1p_HEPT_10K__2_reg.tif,153,325.571,204.781,120.79000000000002,368.947,-0.672608802890388,38.25
20210812_AWC_Is_odr1p_HEPT_10K__2_reg.tif,154,323.263,205.672,117.59099999999998,368.947,-0.6812794249580564,38.5
20210812_AWC_Is_odr1p_HEPT_10K__2_reg.tif,155,320.554,204.938,115.61599999999999,368.947,-0.686632497350568,38.75
20210812_AWC_Is_odr1p_HEPT_10K__2_reg.tif,156,319.054,205.156,113.89799999999997,368.947,-0.6912889927279529,39
20210812_AWC_Is_odr1p_HEPT_10K__2_reg.tif,157,317.933,205.219,112.714,368.947,-0.6944981257470585,39.25
20210812_AWC_Is_odr1p_HEPT_10K__2_reg.tif,158,319.04,205.172,113.86800000000002,368.947,-0.6913703052199909,39.5
20210812_AWC_Is_odr1p_HEPT_10K__2_reg.tif,159,318.321,205.203,113.11800000000002,368.947,-0.6934031175209446,39.75
20210812_AWC_Is_odr1p_HEPT_10K__2_reg.tif,160,316.433,205.234,111.19899999999998,368.947,-0.6986044065949853,40
20210812_AWC_Is_odr1p_HEPT_10K__2_reg.tif,161,316.348,204.969,111.37900000000002,368.947,-0.6981165316427562,40.25
20210812_AWC_Is_odr1p_HEPT_10K__2_reg.tif,162,315.473,205.016,110.45700000000002,368.947,-0.7006155355647288,40.5
20210812_AWC_Is_odr1p_HEPT_10K__2_reg.tif,163,314.862,205.172,109.69000000000003,368.947,-0.7026944249445041,40.75
20210812_AWC_Is_odr1p_HEPT_10K__2_reg.tif,164,315.21,204.344,110.86599999999999,368.947,-0.6995069752566088,41
20210812_AWC_Is_odr1p_HEPT_10K__2_reg.tif,165,314.701,204.984,109.71700000000001,368.947,-0.7026212437016699,41.25
20210812_AWC_Is_odr1p_HEPT_10K__2_reg.tif,166,313.884,204.656,109.22800000000001,368.947,-0.7039466373218918,41.5
20210812_AWC_Is_odr1p_HEPT_10K__2_reg.tif,167,313.21,204.984,108.22599999999997,368.947,-0.7066624745559661,41.75
20210812_AWC_Is_odr1p_HEPT_10K__2_reg.tif,168,312.152,205.406,106.74599999999998,368.947,-0.7106738908298482,42
20210812_AWC_Is_odr1p_HEPT_10K__2_reg.tif,169,311.759,205.109,106.65,368.947,-0.7109340908043703,42.25
20210812_AWC_Is_odr1p_HEPT_10K__2_reg.tif,170,310.411,204.469,105.94200000000001,368.947,-0.7128530656164707,42.5
20210812_AWC_Is_odr1p_HEPT_10K__2_reg.tif,171,310.621,204.531,106.08999999999997,368.947,-0.7124519239890825,42.75
20210812_AWC_Is_odr1p_HEPT_10K__2_reg.tif,172,308.674,205.156,103.51799999999997,368.947,-0.7194231149731534,43
20210812_AWC_Is_odr1p_HEPT_10K__2_reg.tif,173,308.438,206.203,102.23499999999999,368.947,-0.7229005792159849,43.25
20210812_AWC_Is_odr1p_HEPT_10K__2_reg.tif,174,307.527,205.438,102.089,368.947,-0.7232963000105707,43.5
20210812_AWC_Is_odr1p_HEPT_10K__2_reg.tif,175,307.022,205.062,101.95999999999998,368.947,-0.7236459437263347,43.75
20210812_AWC_Is_odr1p_HEPT_10K__2_reg.tif,176,306.549,205.281,101.26799999999997,368.947,-0.7255215518760147,44
20210812_AWC_Is_odr1p_HEPT_10K__2_reg.tif,177,306.121,205.547,100.57399999999998,368.947,-0.7274025808584974,44.25
20210812_AWC_Is_odr1p_HEPT_10K__2_reg.tif,178,304.348,204.453,99.89500000000001,368.947,-0.7292429535949608,44.5
20210812_AWC_Is_odr1p_HEPT_10K__2_reg.tif,179,304.5,204.781,99.719,368.947,-0.7297199868815847,44.75
20210812_AWC_Is_odr1p_HEPT_10K__2_reg.tif,180,304.942,204.625,100.31700000000001,368.947,-0.7280991578736241,45
20210812_AWC_Is_odr1p_HEPT_10K__2_reg.tif,181,305.129,205.125,100.00400000000002,368.947,-0.7289475182072221,45.25
20210812_AWC_Is_odr1p_HEPT_10K__2_reg.tif,182,305.438,204.938,100.5,368.947,-0.7276031516721914,45.5
20210812_AWC_Is_odr1p_HEPT_10K__2_reg.tif,183,304.79,205.469,99.32100000000003,368.947,-0.7307987326092907,45.75
20210812_AWC_Is_odr1p_HEPT_10K__2_reg.tif,184,305.866,205.203,100.66299999999998,368.947,-0.7271613537987841,46
20210812_AWC_Is_odr1p_HEPT_10K__2_reg.tif,185,305.228,205.453,99.775,368.947,-0.7295682035631135,46.25
20210812_AWC_Is_odr1p_HEPT_10K__2_reg.tif,186,304.804,205.797,99.00699999999998,368.947,-0.7316498033592902,46.5
20210812_AWC_Is_odr1p_HEPT_10K__2_reg.tif,187,305.424,204.5,100.92399999999998,368.947,-0.7264539351180522,46.75
20210812_AWC_Is_odr1p_HEPT_10K__2_reg.tif,188,304.844,205.312,99.53199999999998,368.947,-0.7302268347486225,47
20210812_AWC_Is_odr1p_HEPT_10K__2_reg.tif,189,304.388,205.078,99.30999999999997,368.947,-0.7308285471897049,47.25
20210812_AWC_Is_odr1p_HEPT_10K__2_reg.tif,190,305.067,204.969,100.09800000000001,368.947,-0.7286927390655026,47.5
20210812_AWC_Is_odr1p_HEPT_10K__2_reg.tif,191,304.549,205.469,99.07999999999998,368.947,-0.7314519429619973,47.75
20210812_AWC_Is_odr1p_HEPT_10K__2_reg.tif,192,304.741,204.562,100.17899999999997,368.947,-0.7284731953369997,48
20210812_AWC_Is_odr1p_HEPT_10K__2_reg.tif,193,304.121,205.172,98.94899999999998,368.947,-0.7318070075105639,48.25
20210812_AWC_Is_odr1p_HEPT_10K__2_reg.tif,194,304.415,205.062,99.35300000000001,368.947,-0.7307119992844501,48.5
20210812_AWC_Is_odr1p_HEPT_10K__2_reg.tif,195,305.835,205.672,100.16299999999998,368.947,-0.7285165619994199,48.75
20210812_AWC_Is_odr1p_HEPT_10K__2_reg.tif,196,304.906,205.094,99.81200000000001,368.947,-0.7294679181562663,49
20210812_AWC_Is_odr1p_HEPT_10K__2_reg.tif,197,306.321,204.266,102.05500000000004,368.947,-0.7233884541682137,49.25
20210812_AWC_Is_odr1p_HEPT_10K__2_reg.tif,198,307.165,204.531,102.63400000000001,368.947,-0.7218191230718775,49.5
20210812_AWC_Is_odr1p_HEPT_10K__2_reg.tif,199,306.094,205.25,100.844,368.947,-0.726670768430154,49.75
20210812_AWC_Is_odr1p_HEPT_10K__2_reg.tif,200,305.607,204.719,100.88800000000003,368.947,-0.7265515101084978,50
20210812_AWC_Is_odr1p_HEPT_10K__2_reg.tif,201,306.196,205.703,100.49300000000002,368.947,-0.7276221245870002,50.25
20210812_AWC_Is_odr1p_HEPT_10K__2_reg.tif,202,306.808,205.328,101.47999999999999,368.947,-0.7249469435989451,50.5
20210812_AWC_Is_odr1p_HEPT_10K__2_reg.tif,203,306.429,204.953,101.47599999999997,368.947,-0.7249577852645502,50.75
20210812_AWC_Is_odr1p_HEPT_10K__2_reg.tif,204,306.955,205.719,101.23599999999999,368.947,-0.7256082852008554,51
20210812_AWC_Is_odr1p_HEPT_10K__2_reg.tif,205,306.71,204.969,101.74099999999999,368.947,-0.7242395249182132,51.25
20210812_AWC_Is_odr1p_HEPT_10K__2_reg.tif,206,305.75,205.688,100.06200000000001,368.947,-0.7287903140559484,51.5
20210812_AWC_Is_odr1p_HEPT_10K__2_reg.tif,207,306.987,205.5,101.48700000000002,368.947,-0.7249279706841362,51.75
20210812_AWC_Is_odr1p_HEPT_10K__2_reg.tif,208,307.701,204.453,103.24800000000002,368.947,-0.7201549274014966,52
20210812_AWC_Is_odr1p_HEPT_10K__2_reg.tif,209,307.545,204.734,102.811,368.947,-0.7213393793688524,52.25
20210812_AWC_Is_odr1p_HEPT_10K__2_reg.tif,210,308.17,205.297,102.87300000000002,368.947,-0.7211713335519735,52.5
20210812_AWC_Is_odr1p_HEPT_10K__2_reg.tif,211,308.156,205.469,102.68700000000001,368.947,-0.7216754710026101,52.75
20210812_AWC_Is_odr1p_HEPT_10K__2_reg.tif,212,308.768,204.594,104.17399999999998,368.947,-0.7176450818139192,53
20210812_AWC_Is_odr1p_HEPT_10K__2_reg.tif,213,307.978,205.234,102.744,368.947,-0.7215209772677376,53.25
20210812_AWC_Is_odr1p_HEPT_10K__2_reg.tif,214,308.121,205.266,102.85499999999999,368.947,-0.7212201210471965,53.5
20210812_AWC_Is_odr1p_HEPT_10K__2_reg.tif,215,307.991,205.25,102.74099999999999,368.947,-0.7215291085169415,53.75
20210812_AWC_Is_odr1p_HEPT_10K__2_reg.tif,216,307.527,205.391,102.136,368.947,-0.723168910439711,54
20210812_AWC_Is_odr1p_HEPT_10K__2_reg.tif,217,307.04,204.766,102.27400000000003,368.947,-0.7227948729763354,54.25
20210812_AWC_Is_odr1p_HEPT_10K__2_reg.tif,218,307.134,204.75,102.38400000000001,368.947,-0.7224967271721954,54.5
20210812_AWC_Is_odr1p_HEPT_10K__2_reg.tif,219,307.308,204.125,103.18299999999999,368.947,-0.7203311044675794,54.75
20210812_AWC_Is_odr1p_HEPT_10K__2_reg.tif,220,307.83,204.641,103.189,368.947,-0.7203148419691718,55
20210812_AWC_Is_odr1p_HEPT_10K__2_reg.tif,221,308.433,205.047,103.386,368.947,-0.7197808899381213,55.25
20210812_AWC_Is_odr1p_HEPT_10K__2_reg.tif,222,308.464,204.891,103.57300000000001,368.947,-0.7192740420710835,55.5
20210812_AWC_Is_odr1p_HEPT_10K__2_reg.tif,223,307.955,205.078,102.87699999999998,368.947,-0.7211604918863687,55.75
20210812_AWC_Is_odr1p_HEPT_10K__2_reg.tif,224,307.857,205.047,102.81000000000003,368.947,-0.7213420897852536,56
20210812_AWC_Is_odr1p_HEPT_10K__2_reg.tif,225,307.839,204.922,102.917,368.947,-0.7210520752303176,56.25
20210812_AWC_Is_odr1p_HEPT_10K__2_reg.tif,226,307.25,204.922,102.328,368.947,-0.7226485104906668,56.5
20210812_AWC_Is_odr1p_HEPT_10K__2_reg.tif,227,305.076,204.469,100.60700000000003,368.947,-0.7273131371172552,56.75
20210812_AWC_Is_odr1p_HEPT_10K__2_reg.tif,228,308.362,204.281,104.08100000000002,368.947,-0.7178971505392373,57
20210812_AWC_Is_odr1p_HEPT_10K__2_reg.tif,229,306.714,205.172,101.542,368.947,-0.7247788977820662,57.25
20210812_AWC_Is_odr1p_HEPT_10K__2_reg.tif,230,306.384,204.625,101.75900000000001,368.947,-0.7241907374229902,57.5
20210812_AWC_Is_odr1p_HEPT_10K__2_reg.tif,231,308.701,205.5,103.20100000000002,368.947,-0.7202823169723565,57.75
20210812_AWC_Is_odr1p_HEPT_10K__2_reg.tif,232,308.817,204.906,103.911,368.947,-0.7183579213274536,58
20210812_AWC_Is_odr1p_HEPT_10K__2_reg.tif,233,308.665,204.828,103.83700000000002,368.947,-0.7185584921411476,58.25
20210812_AWC_Is_odr1p_HEPT_10K__2_reg.tif,234,309.085,204.844,104.24099999999999,368.947,-0.7174634839150339,58.5
20210812_AWC_Is_odr1p_HEPT_10K__2_reg.tif,235,309.335,205.484,103.85099999999997,368.947,-0.7185205463115298,58.75
20210812_AWC_Is_odr1p_HEPT_10K__2_reg.tif,236,309.045,204.766,104.27900000000002,368.947,-0.7173604880917855,59
20210812_AWC_Is_odr1p_HEPT_10K__2_reg.tif,237,309.147,205.391,103.756,368.947,-0.7187780358696507,59.25
20210812_AWC_Is_odr1p_HEPT_10K__2_reg.tif,238,307.732,205.062,102.67000000000002,368.947,-0.7217215480814317,59.5
20210812_AWC_Is_odr1p_HEPT_10K__2_reg.tif,239,311.174,204.984,106.18999999999997,368.947,-0.7121808823489554,59.75
20210812_AWC_Is_odr1p_HEPT_10K__2_reg.tif,240,317.732,205.625,112.10700000000003,368.947,-0.6961433485026304,60
20210812_AWC_Is_odr1p_HEPT_10K__2_reg.tif,241,329.938,205.516,124.422,368.947,-0.6627645705209692,60.25
20210812_AWC_Is_odr1p_HEPT_10K__2_reg.tif,242,346.795,204.797,141.99800000000002,368.947,-0.6151262918522172,60.5
20210812_AWC_Is_odr1p_HEPT_10K__2_reg.tif,243,367.219,205.25,161.969,368.947,-0.5609965659024196,60.75
20210812_AWC_Is_odr1p_HEPT_10K__2_reg.tif,244,390.763,205.016,185.74699999999999,368.947,-0.4965482847129805,61
20210812_AWC_Is_odr1p_HEPT_10K__2_reg.tif,245,415.683,205,210.683,368.947,-0.42896134133086866,61.25
20210812_AWC_Is_odr1p_HEPT_10K__2_reg.tif,246,441.402,205.766,235.636,368.947,-0.36132832086993527,61.5
20210812_AWC_Is_odr1p_HEPT_10K__2_reg.tif,247,466.594,205.188,261.406,368.947,-0.29148089020916285,61.75
20210812_AWC_Is_odr1p_HEPT_10K__2_reg.tif,248,488.549,205.453,283.096,368.947,-0.23269195846557905,62
20210812_AWC_Is_odr1p_HEPT_10K__2_reg.tif,249,514.442,205.688,308.754,368.947,-0.16314809444174905,62.25
20210812_AWC_Is_odr1p_HEPT_10K__2_reg.tif,250,537.509,205.766,331.74300000000005,368.947,-0.10083833179291321,62.5
20210812_AWC_Is_odr1p_HEPT_10K__2_reg.tif,251,562.179,205.312,356.86699999999996,368.947,-0.03274183012736258,62.75
20210812_AWC_Is_odr1p_HEPT_10K__2_reg.tif,252,581.616,205.672,375.94399999999996,368.947,0.018964783559698162,63
20210812_AWC_Is_odr1p_HEPT_10K__2_reg.tif,253,599.205,205.359,393.846,368.947,0.06748665797526474,63.25
20210812_AWC_Is_odr1p_HEPT_10K__2_reg.tif,254,614.598,205.688,408.90999999999997,368.947,0.10831637064402194,63.5
20210812_AWC_Is_odr1p_HEPT_10K__2_reg.tif,255,627.621,205.984,421.63699999999994,368.947,0.14281184018300716,63.75
20210812_AWC_Is_odr1p_HEPT_10K__2_reg.tif,256,638.567,205.797,432.77,368.947,0.17298690597836539,64
20210812_AWC_Is_odr1p_HEPT_10K__2_reg.tif,257,649.214,204.75,444.46400000000006,368.947,0.20468251537483717,64.25
20210812_AWC_Is_odr1p_HEPT_10K__2_reg.tif,258,658.281,205.969,452.31199999999995,368.947,0.22595386329201742,64.5
20210812_AWC_Is_odr1p_HEPT_10K__2_reg.tif,259,663.42,206.375,457.04499999999996,368.947,0.23878226411923653,64.75
20210812_AWC_Is_odr1p_HEPT_10K__2_reg.tif,260,667.589,205.703,461.8860000000001,368.947,0.25190338991779326,65
20210812_AWC_Is_odr1p_HEPT_10K__2_reg.tif,261,673.871,205.453,468.418,368.947,0.2696078298509,65.25
20210812_AWC_Is_odr1p_HEPT_10K__2_reg.tif,262,678.125,205.188,472.937,368.947,0.281856201568247,65.5
20210812_AWC_Is_odr1p_HEPT_10K__2_reg.tif,263,679.871,205.75,474.121,368.947,0.2850653345873526,65.75
20210812_AWC_Is_odr1p_HEPT_10K__2_reg.tif,264,682.83,205.859,476.971,368.947,0.2927900213309771,66
20210812_AWC_Is_odr1p_HEPT_10K__2_reg.tif,265,685.161,205.984,479.1769999999999,368.947,0.29876919991218226,66.25
20210812_AWC_Is_odr1p_HEPT_10K__2_reg.tif,266,682.996,205.625,477.371,368.947,0.2938741878914857,66.5
20210812_AWC_Is_odr1p_HEPT_10K__2_reg.tif,267,682.022,205.281,476.74100000000004,368.947,0.29216662555868467,66.75
20210812_AWC_Is_odr1p_HEPT_10K__2_reg.tif,268,682.982,205.156,477.82599999999996,368.947,0.2951074273540643,67
20210812_AWC_Is_odr1p_HEPT_10K__2_reg.tif,269,683.156,205.391,477.765,368.947,0.2949420919535868,67.25
20210812_AWC_Is_odr1p_HEPT_10K__2_reg.tif,270,682.237,205.312,476.92499999999995,368.947,0.29266534217651846,67.5
20210812_AWC_Is_odr1p_HEPT_10K__2_reg.tif,271,679.674,205.969,473.705,368.947,0.28393780136442354,67.75
20210812_AWC_Is_odr1p_HEPT_10K__2_reg.tif,272,681.013,205.578,475.43500000000006,368.947,0.28862682173862386,68
20210812_AWC_Is_odr1p_HEPT_10K__2_reg.tif,273,680.991,204.969,476.022,368.947,0.2902178361661702,68.25
20210812_AWC_Is_odr1p_HEPT_10K__2_reg.tif,274,683.299,206.016,477.283,368.947,0.2936356712481739,68.5
20210812_AWC_Is_odr1p_HEPT_10K__2_reg.tif,275,682.21,206.266,475.9440000000001,368.947,0.2900064236868712,68.75
20210812_AWC_Is_odr1p_HEPT_10K__2_reg.tif,276,681.348,205.609,475.7389999999999,368.947,0.2894507883246101,69
20210812_AWC_Is_odr1p_HEPT_10K__2_reg.tif,277,682.603,205.469,477.13399999999996,368.947,0.29323181920438424,69.25
20210812_AWC_Is_odr1p_HEPT_10K__2_reg.tif,278,680.04,205.469,474.57099999999997,368.947,0.2862850219679248,69.5
20210812_AWC_Is_odr1p_HEPT_10K__2_reg.tif,279,677.808,205.422,472.38599999999997,368.947,0.28036276213114614,69.75
20210812_AWC_Is_odr1p_HEPT_10K__2_reg.tif,280,675.629,205.828,469.80100000000004,368.947,0.2733563357338589,70
20210812_AWC_Is_odr1p_HEPT_10K__2_reg.tif,281,672.321,205.594,466.72700000000003,368.947,0.2650245157163496,70.25
20210812_AWC_Is_odr1p_HEPT_10K__2_reg.tif,282,672.357,205.406,466.95099999999996,368.947,0.2656316489902343,70.5
20210812_AWC_Is_odr1p_HEPT_10K__2_reg.tif,283,673.121,205.625,467.496,368.947,0.2671088259289274,70.75
20210812_AWC_Is_odr1p_HEPT_10K__2_reg.tif,284,674.143,205.5,468.64300000000003,368.947,0.2702176735411862,71
20210812_AWC_Is_odr1p_HEPT_10K__2_reg.tif,285,675.929,205.859,470.06999999999994,368.947,0.2740854377458007,71.25
20210812_AWC_Is_odr1p_HEPT_10K__2_reg.tif,286,673.33,205.906,467.42400000000004,368.947,0.266913675948036,71.5
20210812_AWC_Is_odr1p_HEPT_10K__2_reg.tif,287,673.161,206.047,467.1139999999999,368.947,0.2660734468636414,71.75
20210812_AWC_Is_odr1p_HEPT_10K__2_reg.tif,288,671.576,205.812,465.764,368.947,0.26241438472192485,72
20210812_AWC_Is_odr1p_HEPT_10K__2_reg.tif,289,670.853,205.906,464.94699999999995,368.947,0.26019997452208565,72.25
20210812_AWC_Is_odr1p_HEPT_10K__2_reg.tif,290,669.799,205.969,463.83,368.947,0.25717243940186524,72.5
20210812_AWC_Is_odr1p_HEPT_10K__2_reg.tif,291,669.554,205.031,464.52299999999997,368.947,0.2590507579679465,72.75
20210812_AWC_Is_odr1p_HEPT_10K__2_reg.tif,292,669.138,205.891,463.24700000000007,368.947,0.25559226663992407,73
20210812_AWC_Is_odr1p_HEPT_10K__2_reg.tif,293,665.866,205.375,460.491,368.947,0.24812235903801896,73.25
20210812_AWC_Is_odr1p_HEPT_10K__2_reg.tif,294,665.862,205.625,460.23699999999997,368.947,0.24743391327209588,73.5
20210812_AWC_Is_odr1p_HEPT_10K__2_reg.tif,295,663.554,205.141,458.413,368.947,0.24249011375617638,73.75
20210812_AWC_Is_odr1p_HEPT_10K__2_reg.tif,296,664.545,205.219,459.32599999999996,368.947,0.24496472393053734,74
20210812_AWC_Is_odr1p_HEPT_10K__2_reg.tif,297,662.228,205.484,456.7439999999999,368.947,0.2379664287824536,74.25
20210812_AWC_Is_odr1p_HEPT_10K__2_reg.tif,298,661.692,205.469,456.223,368.947,0.23655430183739132,74.5
20210812_AWC_Is_odr1p_HEPT_10K__2_reg.tif,299,662.929,205.75,457.179,368.947,0.23914545991700698,74.75
20210812_AWC_Is_odr1p_HEPT_10K__2_reg.tif,300,662.183,205.828,456.355,368.947,0.23691207680235918,75
20210812_AWC_Is_odr1p_HEPT_10K__2_reg.tif,301,662.888,205.031,457.857,368.947,0.24098312223706936,75.25
20210812_AWC_Is_odr1p_HEPT_10K__2_reg.tif,302,662.062,205.141,456.92100000000005,368.947,0.23844617248547906,75.5
20210812_AWC_Is_odr1p_HEPT_10K__2_reg.tif,303,661.674,205.75,455.924,368.947,0.23574388733341095,75.75
20210812_AWC_Is_odr1p_HEPT_10K__2_reg.tif,304,660.277,204.953,455.32400000000007,368.947,0.23411763749264816,76
20210812_AWC_Is_odr1p_HEPT_10K__2_reg.tif,305,657.121,206.391,450.73,368.947,0.22166598454520572,76.25
20210812_AWC_Is_odr1p_HEPT_10K__2_reg.tif,306,656.531,205.375,451.15599999999995,368.947,0.2228206219321473,76.5
20210812_AWC_Is_odr1p_HEPT_10K__2_reg.tif,307,657.674,205.453,452.221,368.947,0.22570721539950184,76.75
20210812_AWC_Is_odr1p_HEPT_10K__2_reg.tif,308,657.339,205.25,452.08900000000006,368.947,0.2253494404345341,77
20210812_AWC_Is_odr1p_HEPT_10K__2_reg.tif,309,656.344,205.406,450.93800000000005,368.947,0.22222975115667032,77.25
20210812_AWC_Is_odr1p_HEPT_10K__2_reg.tif,310,656.616,205.703,450.913,368.947,0.22216199074663842,77.5
20210812_AWC_Is_odr1p_HEPT_10K__2_reg.tif,311,655.781,205.969,449.81199999999995,368.947,0.21917782228883811,77.75
20210812_AWC_Is_odr1p_HEPT_10K__2_reg.tif,312,654.107,205.266,448.841,368.947,0.2165460079632034,78
20210812_AWC_Is_odr1p_HEPT_10K__2_reg.tif,313,651.049,205.203,445.846,368.947,0.20842831084139457,78.25
20210812_AWC_Is_odr1p_HEPT_10K__2_reg.tif,314,649.768,205.422,444.346,368.947,0.20436268623948697,78.5
20210812_AWC_Is_odr1p_HEPT_10K__2_reg.tif,315,649.5,205.234,444.26599999999996,368.947,0.20414585292738513,78.75
20210812_AWC_Is_odr1p_HEPT_10K__2_reg.tif,316,648.513,206.422,442.091,368.947,0.19825069725461925,79
20210812_AWC_Is_odr1p_HEPT_10K__2_reg.tif,317,648.509,205.609,442.9,368.947,0.20044342412324798,79.25
20210812_AWC_Is_odr1p_HEPT_10K__2_reg.tif,318,646.754,205.812,440.942,368.947,0.19513642880955803,79.5
20210812_AWC_Is_odr1p_HEPT_10K__2_reg.tif,319,646.638,206.266,440.37200000000007,368.947,0.19359149146083332,79.75
20210812_AWC_Is_odr1p_HEPT_10K__2_reg.tif,320,645.835,205.312,440.523,368.947,0.19400076433742522,80
20210812_AWC_Is_odr1p_HEPT_10K__2_reg.tif,321,645.54,205.969,439.57099999999997,368.947,0.1914204479234144,80.25
20210812_AWC_Is_odr1p_HEPT_10K__2_reg.tif,322,646.973,205.656,441.31699999999995,368.947,0.19615283496003477,80.5
20210812_AWC_Is_odr1p_HEPT_10K__2_reg.tif,323,645.607,205.656,439.95099999999996,368.947,0.19245040615589762,80.75
20210812_AWC_Is_odr1p_HEPT_10K__2_reg.tif,324,647.286,205.578,441.70799999999997,368.947,0.19721260777293206,81
20210812_AWC_Is_odr1p_HEPT_10K__2_reg.tif,325,645.786,205.328,440.45799999999997,368.947,0.1938245872713424,81.25
20210812_AWC_Is_odr1p_HEPT_10K__2_reg.tif,326,642.844,205.578,437.2660000000001,368.947,0.18517293811848334,81.5
20210812_AWC_Is_odr1p_HEPT_10K__2_reg.tif,327,643.589,205.281,438.30800000000005,368.947,0.1879971920086084,81.75
20210812_AWC_Is_odr1p_HEPT_10K__2_reg.tif,328,643.696,205.219,438.47700000000003,368.947,0.1884552523804233,82
20210812_AWC_Is_odr1p_HEPT_10K__2_reg.tif,329,642.473,205.859,436.6139999999999,368.947,0.18340574662485376,82.25
20210812_AWC_Is_odr1p_HEPT_10K__2_reg.tif,330,642.353,205.406,436.94699999999995,368.947,0.18430831528647731,82.5
20210812_AWC_Is_odr1p_HEPT_10K__2_reg.tif,331,639.924,205.609,434.31499999999994,368.947,0.1771744993183301,82.75
20210812_AWC_Is_odr1p_HEPT_10K__2_reg.tif,332,639.138,205.781,433.357,368.947,0.17457792040591202,83
20210812_AWC_Is_odr1p_HEPT_10K__2_reg.tif,333,639.254,204.781,434.473,368.947,0.17760274510973123,83.25
20210812_AWC_Is_odr1p_HEPT_10K__2_reg.tif,334,638.915,205.688,433.227,368.947,0.17422556627374655,83.5
20210812_AWC_Is_odr1p_HEPT_10K__2_reg.tif,335,638.388,205.031,433.357,368.947,0.17457792040591202,83.75
20210812_AWC_Is_odr1p_HEPT_10K__2_reg.tif,336,637.862,205.297,432.56499999999994,368.947,0.17243127061610458,84
20210812_AWC_Is_odr1p_HEPT_10K__2_reg.tif,337,637.679,205.172,432.50699999999995,368.947,0.17227406646483084,84.25
20210812_AWC_Is_odr1p_HEPT_10K__2_reg.tif,338,637.732,204.844,432.888,368.947,0.17330673511371544,84.5
20210812_AWC_Is_odr1p_HEPT_10K__2_reg.tif,339,636.152,205.141,431.0110000000001,368.947,0.1682192835285287,84.75
20210812_AWC_Is_odr1p_HEPT_10K__2_reg.tif,340,637.643,205.906,431.737,368.947,0.1701870458358518,85
20210812_AWC_Is_odr1p_HEPT_10K__2_reg.tif,341,639.165,205.359,433.8059999999999,368.947,0.17579489737008275,85.25
20210812_AWC_Is_odr1p_HEPT_10K__2_reg.tif,342,638.942,205.625,433.317,368.947,0.17446950374986112,85.5
20210812_AWC_Is_odr1p_HEPT_10K__2_reg.tif,343,639.629,205.656,433.973,368.947,0.17624753690909536,85.75
20210812_AWC_Is_odr1p_HEPT_10K__2_reg.tif,344,639.723,205.484,434.2389999999999,368.947,0.1769685076718334,86
20210812_AWC_Is_odr1p_HEPT_10K__2_reg.tif,345,636.241,205.234,431.00699999999995,368.947,0.16820844186292325,86.25
20210812_AWC_Is_odr1p_HEPT_10K__2_reg.tif,346,633.978,205.578,428.4,368.947,0.16114238630480793,86.5
20210812_AWC_Is_odr1p_HEPT_10K__2_reg.tif,347,633.321,205.828,427.49300000000005,368.947,0.1586840386288547,86.75
20210812_AWC_Is_odr1p_HEPT_10K__2_reg.tif,348,633.625,205.359,428.26599999999996,368.947,0.16077919050703748,87
20210812_AWC_Is_odr1p_HEPT_10K__2_reg.tif,349,630.991,204.859,426.13199999999995,368.947,0.15499516190672358,87.25
20210812_AWC_Is_odr1p_HEPT_10K__2_reg.tif,350,631.661,205.688,425.97299999999996,368.947,0.1545642056989214,87.5
20210812_AWC_Is_odr1p_HEPT_10K__2_reg.tif,351,629.661,205.797,423.8639999999999,368.947,0.14884793750863923,87.75
20210812_AWC_Is_odr1p_HEPT_10K__2_reg.tif,352,627.536,205.344,422.19199999999995,368.947,0.14431612128571297,88
20210812_AWC_Is_odr1p_HEPT_10K__2_reg.tif,353,626.683,205.688,420.995,368.947,0.14107175285339088,88.25
20210812_AWC_Is_odr1p_HEPT_10K__2_reg.tif,354,625.696,205.719,419.97700000000003,368.947,0.13831254895689632,88.5
20210812_AWC_Is_odr1p_HEPT_10K__2_reg.tif,355,626.317,205.406,420.911,368.947,0.14084407787568404,88.75
20210812_AWC_Is_odr1p_HEPT_10K__2_reg.tif,356,626.152,205.859,420.293,368.947,0.1391690405396981,89
20210812_AWC_Is_odr1p_HEPT_10K__2_reg.tif,357,625.817,205.016,420.80100000000004,368.947,0.14054593207154426,89.25
20210812_AWC_Is_odr1p_HEPT_10K__2_reg.tif,358,624.728,205.25,419.47799999999995,368.947,0.13696005117266152,89.5
20210812_AWC_Is_odr1p_HEPT_10K__2_reg.tif,359,626.112,205.859,420.25299999999993,368.947,0.13906062388364704,89.75
20210812_AWC_Is_odr1p_HEPT_10K__2_reg.tif,360,626.326,205.531,420.795,368.947,0.14052966957313656,90
